INSERT INTO system_rules (rule_name, rule_value) VALUES
('max', 4);


INSERT INTO job_title (id, job_title) VALUES
(1, 'Assistant Professor'),
(2, 'Associate Professor'),
(3, 'Department Manager');

INSERT INTO teaching_activity (id, activity_name, factor) VALUES
(1, 'Lecture', 3.6),
(2, 'Lab', 2.4),
(3, 'Tutorial', 2.4),
(4, 'Seminar', 1.8),
(5, 'Examination', 0.725),
(6, 'Administration', 0.2),
(7, 'Others', 1.5);

INSERT INTO study_period_ENUM (study_period_id, study_period) VALUES
(1, 'P1'),
(2, 'P2'),
(3, 'P3'),
(4, 'P4');

INSERT INTO skill_set (id, skill) VALUES
(1, 'Database Systems'),
(2, 'Discrete Mathematics'),
(3, 'Computer Security'),
(4, 'Software Engineering'),
(5, 'Classical Physics'),
(6, 'Quantum Mechanics'),
(7, 'Signal Processing'),
(8, 'Embedded Systems');

INSERT INTO person (id, personal_number, first_name, last_name) VALUES
(101, '750101-1234', 'Anna', 'Svensson'),
(102, '800202-5678', 'Björn', 'Lundgren'),
(103, '780303-9012', 'Carl', 'Magnusson'),
(104, '900404-3456', 'Daniela', 'Olsson'),
(105, '850505-1122', 'Elsa', 'Johansson'),
(106, '920606-3344', 'Fredrik', 'Andersson'),
(107, '830707-5566', 'Gustav', 'Eriksson'),
(108, '790808-7788', 'Helena', 'Karlsson'),
(109, '880909-9900', 'Ivar', 'Nilsson'),
(110, '911010-1133', 'Jenny', 'Lind'),
(111, '861111-2244', 'Klas', 'Månsson'),
(112, '771212-3355', 'Lina', 'Pettersson'),
(113, '930101-4466', 'Mikael', 'Bergström'),
(114, '940202-5577', 'Nora', 'Sjöberg'),
(115, '790303-6688', 'Oskar', 'Holm'),
(116, '820404-7799', 'Petra', 'Axelsson'),
(117, '760505-8800', 'Quentin', 'Ström'),
(118, '950606-9911', 'Rebecca', 'Hedlund'),
(119, '730707-1022', 'Simon', 'Lindberg'),
(120, '960808-2133', 'Tove', 'Sandberg'),
(121, '740909-3244', 'Urban', 'Dahl'),
(122, '970910-4355', 'Vera', 'Ekström'),
(123, '720212-5466', 'Wilhelm', 'Fransson'),
(124, '981212-6577', 'Ylva', 'Boström'),
(125, '990101-7688', 'Zacharias', 'Hansson'),
(126, '880202-8799', 'Alma', 'Nyström'),
(127, '770303-9800', 'Bengt', 'Åkerman'),
(128, '910404-0911', 'Carina', 'Lund');

INSERT INTO department (id, department_name) VALUES
(1, 'Computer Science'),
(2, 'Mathematics'),
(3, 'Physics'),
(4, 'Industrial Engineering');

INSERT INTO employee (id_person, employment_id, salary, manager, id_job, id_department) VALUES
(101, 'CS-1001', 75000, NULL, 3, 1),
(102, 'CS-1002', 60000, 'Anna Svensson', 1, 1),
(105, 'CS-1003', 68000, 'Anna Svensson', 1, 1),
(108, 'CS-1004', 65000, 'Anna Svensson', 1, 1),
(112, 'CS-1005', 73000, 'Anna Svensson', 2, 1),
(113, 'CS-1006', 67000, 'Anna Svensson', 1, 1),
(117, 'CS-1007', 64000, 'Anna Svensson', 1, 1),
(103, 'MA-2001', 90000, NULL, 3, 2),
(104, 'MA-2002', 70000, 'Carl Magnusson', 1, 2),
(109, 'MA-2003', 75000, 'Carl Magnusson', 1, 2),
(114, 'MA-2004', 68000, 'Carl Magnusson', 1, 2),
(118, 'MA-2005', 72000, 'Carl Magnusson', 2, 2),
(126, 'MA-2006', 67000, 'Carl Magnusson', 1, 2),
(106, 'PH-3001', 72000, NULL, 3, 3),
(110, 'PH-3002', 62000, 'Fredrik Andersson', 1, 3),
(115, 'PH-3003', 71000, 'Fredrik Andersson', 2, 3),
(119, 'PH-3004', 70000, 'Fredrik Andersson', 1, 3),
(123, 'PH-3005', 73000, 'Fredrik Andersson', 2, 3),
(127, 'PH-3006', 68000, 'Fredrik Andersson', 2, 3),
(107, 'IE-4001', 80000, NULL, 3, 4),
(111, 'IE-4002', 71000, 'Gustav Eriksson', 1, 4),
(116, 'IE-4003', 75000, 'Gustav Eriksson', 2, 4),
(120, 'IE-4004', 69000, 'Gustav Eriksson', 1, 4),
(121, 'IE-4005', 66000, 'Gustav Eriksson', 1, 4),
(124, 'IE-4006', 74000, 'Gustav Eriksson', 2, 4),
(125, 'IE-4007', 65000, 'Gustav Eriksson', 1, 4),
(128, 'IE-4008', 69000, 'Gustav Eriksson', 1, 4),
(122, 'IE-4009', 70000, 'Gustav Eriksson', 1, 4);

UPDATE department SET id_manager = 101 WHERE id = 1;
UPDATE department SET id_manager = 103 WHERE id = 2;
UPDATE department SET id_manager = 106 WHERE id = 3;
UPDATE department SET id_manager = 107 WHERE id = 4;

INSERT INTO employee_skill (id_skill, id_person) VALUES
(1, 101), (2, 102), (4, 105), (4, 108), (1, 112), (3, 113), (2, 117),
(2, 103), (2, 104), (3, 109), (2, 114), (4, 118), (1, 126),
(5, 106), (6, 110), (7, 115), (5, 119), (6, 123), (7, 127),
(7, 107), (8, 111), (8, 116), (4, 120), (3, 121), (1, 124), (2, 125), (4, 128);

INSERT INTO address (id, street, zip, city) VALUES
(1, 'Sveavägen 10', '111 57', 'Stockholm'),
(2, 'Kungsgatan 50', '111 35', 'Stockholm'),
(3, 'Drottninggatan 25', '111 51', 'Stockholm'),
(4, 'Klarabergsgatan 4', '111 20', 'Stockholm'),
(5, 'Stortorget 1', '111 29', 'Stockholm'),
(6, 'Hamngatan 15', '111 47', 'Stockholm'),
(7, 'Odengatan 12', '113 22', 'Stockholm'),
(8, 'Fleminggatan 18', '112 26', 'Stockholm'),
(9, 'Vasagatan 30', '111 20', 'Stockholm'),
(10, 'Sveaplan 5', '111 34', 'Stockholm'),
(11, 'Hantverkargatan 9', '112 21', 'Stockholm'),
(12, 'Birger Jarlsgatan 22', '114 34', 'Stockholm'),
(13, 'Götgatan 44', '116 62', 'Stockholm'),
(14, 'Sankt Eriksgatan 20', '112 32', 'Stockholm'),
(15, 'Valhallavägen 101', '115 23', 'Stockholm'),
(16, 'Karlavägen 33', '114 49', 'Stockholm'),
(17, 'Sveavägen 120', '111 57', 'Stockholm'),
(18, 'Kungsgatan 120', '111 35', 'Stockholm'),
(19, 'Drottninggatan 120', '111 51', 'Stockholm'),
(20, 'Klarabergsgatan 120', '111 20', 'Stockholm'),
(21, 'Stortorget 120', '111 29', 'Stockholm'),
(22, 'Hamngatan 120', '111 47', 'Stockholm'),
(23, 'Odengatan 120', '113 22', 'Stockholm'),
(24, 'Fleminggatan 120', '112 26', 'Stockholm'),
(25, 'Vasagatan 120', '111 20', 'Stockholm'),
(26, 'Sveaplan 120', '111 34', 'Stockholm'),
(27, 'Hantverkargatan 120', '112 21', 'Stockholm'),
(28, 'Birger Jarlsgatan 120', '114 34', 'Stockholm');

INSERT INTO person_address (id_person, id_address) VALUES
(101, 1), (102, 2), (103, 3), (104, 4), (105, 5), (106, 6),
(107, 7), (108, 8), (109, 9), (110, 10), (111, 11), (112, 12),
(113, 13), (114, 14), (115, 15), (116, 16), (117, 17), (118, 18),
(119, 19), (120, 20), (121, 21), (122, 22), (123, 23), (124, 24),
(125, 25), (126, 26), (127, 27), (128, 28);

INSERT INTO phone_number (id, phone_num, num_type) VALUES
(1, '070-111 01 01', 'Mobile'), (2, '070-111 02 02', 'Mobile'),
(3, '070-111 03 03', 'Mobile'), (4, '070-111 04 04', 'Mobile'),
(5, '070-111 05 05', 'Mobile'), (6, '070-111 06 06', 'Mobile'),
(7, '070-111 07 07', 'Mobile'), (8, '070-111 08 08', 'Mobile'),
(9, '070-111 09 09', 'Mobile'), (10, '070-111 10 10', 'Mobile'),
(11, '070-111 11 11', 'Mobile'), (12, '070-111 12 12', 'Mobile'),
(13, '070-111 13 13', 'Mobile'), (14, '070-111 14 14', 'Mobile'),
(15, '070-111 15 15', 'Mobile'), (16, '070-111 16 16', 'Mobile'),
(17, '070-111 17 17', 'Mobile'), (18, '070-111 18 18', 'Mobile'),
(19, '070-111 19 19', 'Mobile'), (20, '070-111 20 20', 'Mobile'),
(21, '070-111 21 21', 'Mobile'), (22, '070-111 22 22', 'Mobile'),
(23, '070-111 23 23', 'Mobile'), (24, '070-111 24 24', 'Mobile'),
(25, '070-111 25 25', 'Mobile'), (26, '070-111 26 26', 'Mobile'),
(27, '070-111 27 27', 'Mobile'), (28, '070-111 28 28', 'Mobile'),
(29, '08-200 01 01', 'Office'), (30, '08-200 02 02', 'Office'),
(31, '08-200 03 03', 'Office'), (32, '08-200 04 04', 'Office'),
(33, '08-200 05 05', 'Office'), (34, '08-200 06 06', 'Office'),
(35, '08-200 07 07', 'Office'), (36, '08-200 08 08', 'Office'),
(37, '08-200 09 09', 'Office'), (38, '08-200 10 10', 'Office'),
(39, '08-200 11 11', 'Office'), (40, '08-200 12 12', 'Office'),
(41, '08-200 13 13', 'Office'), (42, '08-200 14 14', 'Office'),
(43, '08-200 15 15', 'Office'), (44, '08-200 16 16', 'Office'),
(45, '08-200 17 17', 'Office'), (46, '08-200 18 18', 'Office'),
(47, '08-200 19 19', 'Office'), (48, '08-200 20 20', 'Office'),
(49, '08-200 21 21', 'Office'), (50, '08-200 22 22', 'Office'),
(51, '08-200 23 23', 'Office'), (52, '08-200 24 24', 'Office'),
(53, '08-200 25 25', 'Office'), (54, '08-200 26 26', 'Office'),
(55, '08-200 27 27', 'Office'), (56, '08-200 28 28', 'Office');

INSERT INTO person_phone (id_person, id_phone) VALUES
(101, 1), (101, 29),
(102, 2), (102, 30),
(103, 3), (103, 31),
(104, 4), (104, 32),
(105, 5), (105, 33),
(106, 6), (106, 34),
(107, 7), (107, 35),
(108, 8), (108, 36),
(109, 9), (109, 37),
(110, 10), (110, 38),
(111, 11), (111, 39),
(112, 12), (112, 40),
(113, 13), (113, 41),
(114, 14), (114, 42),
(115, 15), (115, 43),
(116, 16), (116, 44),
(117, 17), (117, 45),
(118, 18), (118, 46),
(119, 19), (119, 47),
(120, 20), (120, 48),
(121, 21), (121, 49),
(122, 22), (122, 50),
(123, 23), (123, 51),
(124, 24), (124, 52),
(125, 25), (125, 53),
(126, 26), (126, 54),
(127, 27), (127, 55),
(128, 28), (128, 56);

INSERT INTO course_layout (id, course_code, course_name, min_students, max_students, hp) VALUES
(1, 'DD1351', 'Logic for CS', 50, 150, 7.5),
(2, 'DD2350', 'Algorithms & Data Structures', 50, 200, 9.5),
(3, 'EQ1110', 'Continuous Signals & Systems', 30, 100, 6.0),
(4, 'IV1350', 'Object Oriented Design', 40, 120, 7.5),
(5, 'ID1214', 'AI and Applied Methods', 50, 150, 7.5),
(6, 'DD2352', 'Algorithms & Complexity', 20, 80, 7.5),
(7, 'II1303', 'Signal Processing', 40, 110, 7.5),
(9, 'SF1686', 'Calculus in Several Var', 60, 250, 7.5),
(10, 'SK1118', 'Electromagnetism & Waves', 40, 100, 7.5),
(11, 'IL1333', 'Hardware Security', 30, 90, 7.5),
(12, 'SF1546', 'Numerical Methods', 50, 150, 6.0),
(13, 'ID1217', 'Concurrent Programming', 30, 100, 7.5),
(8, 'IV1351', 'Data Storage Paradigms', 50, 250, 7.5);

INSERT INTO course_instance (instance_id, id_layout, study_year, study_period_id, num_students) VALUES
('DD2350-2025P1', 2, 2025, 1, 180),
('DD1351-2025P1', 1, 2025, 1, 150),
('ID1214-2025P1', 5, 2025, 1, 120),
('II1303-2025P3', 7, 2025, 3, 100),
('IV1351-2025P3', 8, 2025, 3, 80),
('ID1217-2025P3', 13, 2025, 3, 75),
('DD2352-2025P3', 6, 2025, 3, 50),
('SF1686-2025P1', 9, 2025, 1, 200),
('SF1546-2025P1', 12, 2025, 1, 100),
('IV1350-2025P1', 4, 2025, 1, 80),
('EQ1110-2025P1', 3, 2025, 1, 90),
('DD2350-2024P1', 2, 2024, 1, 180),
('DD1351-2024P1', 1, 2024, 1, 150),
('ID1214-2024P1', 5, 2024, 1, 120);

INSERT INTO planned_activity (id_teaching, instance_id, planned_hours) VALUES
(1, 'DD2350-2025P1', 50), (2, 'DD2350-2025P1', 40), (3, 'DD2350-2025P1', 25), (4, 'DD2350-2025P1', 20), (5, 'DD2350-2025P1', 32), (6, 'DD2350-2025P1', 28), (7, 'DD2350-2025P1', 15),
(1, 'DD1351-2025P1', 40), (2, 'DD1351-2025P1', 30), (3, 'DD1351-2025P1', 25), (4, 'DD1351-2025P1', 20), (5, 'DD1351-2025P1', 32), (6, 'DD1351-2025P1', 28), (7, 'DD1351-2025P1', 15),
(1, 'ID1214-2025P1', 30), (2, 'ID1214-2025P1', 25), (3, 'ID1214-2025P1', 20), (4, 'ID1214-2025P1', 18), (5, 'ID1214-2025P1', 32), (6, 'ID1214-2025P1', 28), (7, 'ID1214-2025P1', 12),
(1, 'II1303-2025P3', 30), (2, 'II1303-2025P3', 25), (3, 'II1303-2025P3', 20), (4, 'II1303-2025P3', 18), (5, 'II1303-2025P3', 32), (6, 'II1303-2025P3', 28), (7, 'II1303-2025P3', 12),
(1, 'IV1351-2025P3', 40), (2, 'IV1351-2025P3', 35), (3, 'IV1351-2025P3', 25), (4, 'IV1351-2025P3', 20), (5, 'IV1351-2025P3', 32), (6, 'IV1351-2025P3', 28), (7, 'IV1351-2025P3', 15),
(1, 'ID1217-2025P3', 35), (2, 'ID1217-2025P3', 25), (3, 'ID1217-2025P3', 20), (4, 'ID1217-2025P3', 18), (5, 'ID1217-2025P3', 32), (6, 'ID1217-2025P3', 28), (7, 'ID1217-2025P3', 12),
(1, 'DD2352-2025P3', 25), (2, 'DD2352-2025P3', 20), (3, 'DD2352-2025P3', 15), (4, 'DD2352-2025P3', 12), (5, 'DD2352-2025P3', 32), (6, 'DD2352-2025P3', 28), (7, 'DD2352-2025P3', 10),
(1, 'SF1686-2025P1', 40), (2, 'SF1686-2025P1', 30), (3, 'SF1686-2025P1', 25), (4, 'SF1686-2025P1', 20), (5, 'SF1686-2025P1', 32), (6, 'SF1686-2025P1', 28), (7, 'SF1686-2025P1', 15),
(1, 'SF1546-2025P1', 30), (2, 'SF1546-2025P1', 25), (3, 'SF1546-2025P1', 20), (4, 'SF1546-2025P1', 18), (5, 'SF1546-2025P1', 32), (6, 'SF1546-2025P1', 28), (7, 'SF1546-2025P1', 12),
(1, 'IV1350-2025P1', 30), (2, 'IV1350-2025P1', 25), (3, 'IV1350-2025P1', 20), (4, 'IV1350-2025P1', 18), (5, 'IV1350-2025P1', 32), (6, 'IV1350-2025P1', 28), (7, 'IV1350-2025P1', 12),
(1, 'EQ1110-2025P1', 25), (2, 'EQ1110-2025P1', 20), (3, 'EQ1110-2025P1', 18), (4, 'EQ1110-2025P1', 15), (5, 'EQ1110-2025P1', 32), (6, 'EQ1110-2025P1', 28), (7, 'EQ1110-2025P1', 10),
(1, 'DD2350-2024P1', 50), (2, 'DD2350-2024P1', 40), (3, 'DD2350-2024P1', 25), (4, 'DD2350-2024P1', 20), (5, 'DD2350-2024P1', 32), (6, 'DD2350-2024P1', 28), (7, 'DD2350-2024P1', 15),
(1, 'DD1351-2024P1', 40), (2, 'DD1351-2024P1', 30), (3, 'DD1351-2024P1', 25), (4, 'DD1351-2024P1', 20), (5, 'DD1351-2024P1', 32), (6, 'DD1351-2024P1', 28), (7, 'DD1351-2024P1', 15),
(1, 'ID1214-2024P1', 30), (2, 'ID1214-2024P1', 25), (3, 'ID1214-2024P1', 20), (4, 'ID1214-2024P1', 18), (5, 'ID1214-2024P1', 32), (6, 'ID1214-2024P1', 28), (7, 'ID1214-2024P1', 12);

INSERT INTO allocations (id_person, id_teaching, instance_id) VALUES
(103, 1, 'DD2350-2025P1'), (103, 2, 'DD2350-2025P1'), (106, 3, 'DD2350-2025P1'), (108, 4, 'DD2350-2025P1'), (112, 5, 'DD2350-2025P1'), (117, 6, 'DD2350-2025P1'), (114, 7, 'DD2350-2025P1'),
(122, 1, 'DD1351-2025P1'), (102, 2, 'DD1351-2025P1'), (107, 3, 'DD1351-2025P1'), (110, 4, 'DD1351-2025P1'), (107, 5, 'DD1351-2025P1'), (128, 6, 'DD1351-2025P1'), (124, 7, 'DD1351-2025P1'),
(122, 1, 'ID1214-2025P1'), (104, 2, 'ID1214-2025P1'), (108, 3, 'ID1214-2025P1'), (107, 4, 'ID1214-2025P1'), (113, 5, 'ID1214-2025P1'), (121, 6, 'ID1214-2025P1'), (124, 7, 'ID1214-2025P1'),
(126, 1, 'SF1686-2025P1'), (104, 2, 'SF1686-2025P1'), (109, 3, 'SF1686-2025P1'), (110, 4, 'SF1686-2025P1'), (111, 5, 'SF1686-2025P1'), (112, 6, 'SF1686-2025P1'), (113, 7, 'SF1686-2025P1'),
(126, 1, 'SF1546-2025P1'), (104, 2, 'SF1546-2025P1'), (126, 3, 'SF1546-2025P1'), (111, 4, 'SF1546-2025P1'), (111, 5, 'SF1546-2025P1'), (112, 6, 'SF1546-2025P1'), (113, 7, 'SF1546-2025P1'),
(106, 1, 'EQ1110-2025P1'), (119, 2, 'EQ1110-2025P1'), (118, 3, 'EQ1110-2025P1'), (116, 4, 'EQ1110-2025P1'), (125, 5, 'EQ1110-2025P1'), (121, 6, 'EQ1110-2025P1'), (122, 7, 'EQ1110-2025P1'),
(118, 1, 'II1303-2025P3'), (127, 2, 'II1303-2025P3'), (117, 3, 'II1303-2025P3'), (107, 4, 'II1303-2025P3'), (125, 5, 'II1303-2025P3'), (128, 6, 'II1303-2025P3'), (102, 7, 'II1303-2025P3'),
(119, 1, 'IV1351-2025P3'), (128, 2, 'IV1351-2025P3'), (103, 3, 'IV1351-2025P3'), (116, 4, 'IV1351-2025P3'), (120, 5, 'IV1351-2025P3'), (120, 6, 'IV1351-2025P3'), (103, 7, 'IV1351-2025P3'),
(105, 1, 'IV1350-2025P1'), (108, 2, 'IV1350-2025P1'), (111, 3, 'IV1350-2025P1'), (109, 4, 'IV1350-2025P1'), (115, 5, 'IV1350-2025P1'), (122, 6, 'IV1350-2025P1'), (123, 7, 'IV1350-2025P1'),
(118, 1, 'ID1217-2025P3'), (116, 2, 'ID1217-2025P3'), (120, 3, 'ID1217-2025P3'), (123, 4, 'ID1217-2025P3'), (128, 5, 'ID1217-2025P3'), (101, 6, 'ID1217-2025P3'), (102, 7, 'ID1217-2025P3'),
(101, 1, 'DD2350-2024P1'), (119, 2, 'DD2350-2024P1'), (105, 3, 'DD2350-2024P1'), (125, 4, 'DD2350-2024P1'), (112, 5, 'DD2350-2024P1'), (113, 6, 'DD2350-2024P1'), (114, 7, 'DD2350-2024P1'),
(101, 1, 'DD1351-2024P1'), (102, 2, 'DD1351-2024P1'), (105, 3, 'DD1351-2024P1'), (110, 4, 'DD1351-2024P1'), (115, 5, 'DD1351-2024P1'), (114, 6, 'DD1351-2024P1'), (127, 7, 'DD1351-2024P1'),
(101, 1, 'ID1214-2024P1'), (105, 2, 'ID1214-2024P1'), (108, 3, 'ID1214-2024P1'), (109, 4, 'ID1214-2024P1'), (116, 5, 'ID1214-2024P1'), (114, 6, 'ID1214-2024P1'), (115, 7, 'ID1214-2024P1');
